{"cameraMode":{"drawMode":0,"name":"Shaded","section":"Shading Mode"},"sceneLighting":true,"audioPlay":false,"sceneViewState":{"showFog":true,"showMaterialUpdate":false,"showSkybox":true,"showFlares":true,"showImageEffects":true,"showParticleSystems":true},"in2DMode":false,"pivot":{"x":371.60626220703127,"y":186.2731475830078,"z":46.01922607421875},"rotation":{"x":0.054258570075035098,"y":0.029946735128760339,"z":-0.0016274502268061042,"w":0.9980775713920593},"size":814.812255859375,"orthographic":false}